{
  "schema_version": "v1",
  "name_for_human": "SEOKILLER ACTION",
  "name_for_model": "seokiller_action",
  "description_for_human": "Interact with your WordPress sites through SEOKILLER ACTION. Manage posts, products, and site information via secure API endpoints.",
  "description_for_model": "SEOKILLER ACTION provides secure REST API endpoints for managing WordPress and WooCommerce content. Use X-SEOKILLER-API-KEY header for authentication. Supports operations such as get-site-info, get-posts, create-content, update-content, delete-post, and WooCommerce product management. See OpenAPI schema for details.",
  "logo_url": "https://seokiller.net/wp-content/uploads/2024/12/seokiller-logo-square.png",
  "contact_email": "support@seokiller.net",
  "legal_info_url": "https://seokiller.net/legal",
  "api": {
    "type": "openapi",
    "url": "https://api.seokiller.net/openai-schema.json",
    "is_user_authenticated": true
  },
  "auth": {
    "type": "api_key",
    "in": "header",
    "name": "X-SEOKILLER-API-KEY"
  },
  "permissions_required": [
    "site_content_read",
    "site_content_write",
    "woocommerce_read",
    "woocommerce_write"
  ],
  "developer": {
    "name": "SEOKILLER",
    "url": "https://seokiller.net"
  }
} 