{
  "openapi": "3.0.1",
  "info": {
    "title": "SEOKILLER ACTION API",
    "description": "WordPress Multi-Site Content Management API Gateway with OpenAI Actions Support. Serves as a secure bridge between OpenAI GPT and client WordPress sites running the SEOKILLER WP plugin. Enables comprehensive content management, WooCommerce operations, and site administration through authenticated API endpoints with full CORS support for OpenAI Actions.",
    "version": "1.2.0",
    "contact": {
      "name": "SEOKILLER Support",
      "url": "https://seokiller.net",
      "email": "support@seokiller.net"
    },
    "license": {
      "name": "GPL-2.0+",
      "url": "https://www.gnu.org/licenses/gpl-2.0.html"
    },
    "x-openai-compatible": true,
    "x-cors-enabled": true,
    "x-authentication-types": [
      "X-SEOKILLER-API-KEY",
      "Authorization Bearer"
    ]
  },
  "servers": [
    {
      "url": "https://api.seokiller.net",
      "description": "SEOKILLER ACTION API Server (Production)"
    }
  ],
  "paths": {
    "/wp-json/seokiller/v1/debug": {
      "get": {
        "operationId": "debug_api_status",
        "summary": "Check API Status",
        "description": "Returns API status information, version details, and server health. No authentication required for basic health check.",
        "tags": ["Debug & Testing"],
        "responses": {
          "200": {
            "description": "API status information",
            "content": {
              "application/json": {
                "schema": {
                  "$ref": "#/components/schemas/DebugResponse"
                }
              }
            }
          }
        }
      }
    },
    "/wp-json/seokiller/v1/diagnostic": {
      "post": {
        "operationId": "diagnostic_endpoint",
        "summary": "Diagnostic Endpoint",
        "description": "Advanced diagnostic endpoint for troubleshooting request/response issues. Returns detailed information about received data.",
        "tags": ["Debug & Testing"],
        "security": [{"ApiKeyAuth": []}],
        "requestBody": {
          "required": true,
          "content": {
            "application/json": {
              "schema": {
                "type": "object",
                "description": "Any JSON data for diagnostic purposes"
              }
            }
          }
        },
        "responses": {
          "200": {
            "description": "Diagnostic information",
            "content": {
              "application/json": {
                "schema": {
                  "$ref": "#/components/schemas/DiagnosticResponse"
                }
              }
            }
          }
        }
      }
    },
    "/wp-json/seokiller/v1/json-test": {
      "post": {
        "operationId": "json_test_endpoint",
        "summary": "JSON Parsing Test",
        "description": "Tests JSON parsing and credential extraction. Useful for debugging authentication issues.",
        "tags": ["Debug & Testing"],
        "security": [{"ApiKeyAuth": []}],
        "requestBody": {
          "required": true,
          "content": {
            "application/json": {
              "schema": {
                "$ref": "#/components/schemas/SiteAuthRequest"
              }
            }
          }
        },
        "responses": {
          "200": {
            "description": "JSON test results",
            "content": {
              "application/json": {
                "schema": {
                  "$ref": "#/components/schemas/JsonTestResponse"
                }
              }
            }
          }
        }
      }
    },
    "/wp-json/seokiller/v1/openai-test": {
      "get": {
        "operationId": "openai_connection_test_get",
        "summary": "OpenAI Actions Connection Test (GET)",
        "description": "Special endpoint designed for testing OpenAI Actions connectivity. Returns detailed information about the request origin, headers, and OpenAI compatibility status.",
        "tags": ["Debug & Testing"],
        "responses": {
          "200": {
            "description": "OpenAI connection test successful",
            "content": {
              "application/json": {
                "schema": {
                  "$ref": "#/components/schemas/OpenAITestResponse"
                }
              }
            }
          }
        }
      },
      "post": {
        "operationId": "openai_connection_test_post",
        "summary": "OpenAI Actions Connection Test (POST)",
        "description": "POST version of OpenAI Actions connectivity test. Accepts optional request body and returns comprehensive connection analysis.",
        "tags": ["Debug & Testing"],
        "requestBody": {
          "required": false,
          "content": {
            "application/json": {
              "schema": {
                "type": "object",
                "description": "Optional test data"
              }
            }
          }
        },
        "responses": {
          "200": {
            "description": "OpenAI connection test successful",
            "content": {
              "application/json": {
                "schema": {
                  "$ref": "#/components/schemas/OpenAITestResponse"
                }
              }
            }
          }
        }
      },
      "options": {
        "operationId": "openai_connection_test_options",
        "summary": "OpenAI Actions CORS Preflight",
        "description": "Handles CORS preflight requests from OpenAI Actions. Returns appropriate CORS headers for cross-origin requests.",
        "tags": ["Debug & Testing"],
        "responses": {
          "204": {
            "description": "CORS preflight successful",
            "headers": {
              "Access-Control-Allow-Origin": {
                "description": "Allowed origins for CORS",
                "schema": {
                  "type": "string",
                  "example": "https://chat.openai.com"
                }
              },
              "Access-Control-Allow-Methods": {
                "description": "Allowed methods for CORS",
                "schema": {
                  "type": "string",
                  "example": "GET, POST, OPTIONS"
                }
              },
              "Access-Control-Allow-Headers": {
                "description": "Allowed headers for CORS",
                "schema": {
                  "type": "string",
                  "example": "X-SEOKILLER-API-KEY, Content-Type, Authorization, X-Requested-With"
                }
              }
            }
          }
        }
      }
    },
    "/wp-json/seokiller/v1/get-site-info": {
      "post": {
        "operationId": "get_site_info",
        "summary": "Get WordPress Site Information",
        "description": "Retrieves comprehensive information about a client WordPress site including theme, plugins, settings, and system details.",
        "tags": ["Site Management"],
        "security": [{"ApiKeyAuth": []}],
        "requestBody": {
          "required": true,
          "content": {
            "application/json": {
              "schema": {
                "$ref": "#/components/schemas/SiteAuthRequest"
              }
            }
          }
        },
        "responses": {
          "200": {
            "description": "Site information retrieved successfully",
            "content": {
              "application/json": {
                "schema": {
                  "$ref": "#/components/schemas/ApiResponse"
                }
              }
            }
          },
          "400": {
            "description": "Missing required parameters",
            "content": {
              "application/json": {
                "schema": {
                  "$ref": "#/components/schemas/ErrorResponse"
                }
              }
            }
          },
          "401": {
            "description": "Invalid API key or authentication failed",
            "content": {
              "application/json": {
                "schema": {
                  "$ref": "#/components/schemas/ErrorResponse"
                }
              }
            }
          },
          "500": {
            "description": "Failed to connect to client site",
            "content": {
              "application/json": {
                "schema": {
                  "$ref": "#/components/schemas/ErrorResponse"
                }
              }
            }
          }
        }
      }
    },
    "/wp-json/seokiller/v1/get-site-info-alt": {
      "post": {
        "operationId": "get_site_info_alt",
        "summary": "Get WordPress Site Information (Alternative)",
        "description": "Alternative endpoint for retrieving WordPress site information with enhanced compatibility for different client configurations.",
        "tags": ["Site Management"],
        "security": [{"ApiKeyAuth": []}],
        "requestBody": {
          "required": true,
          "content": {
            "application/json": {
              "schema": {
                "$ref": "#/components/schemas/SiteAuthRequest"
              }
            }
          }
        },
        "responses": {
          "200": {
            "description": "Site information retrieved successfully",
            "content": {
              "application/json": {
                "schema": {
                  "$ref": "#/components/schemas/ApiResponse"
                }
              }
            }
          }
        }
      }
    },
    "/wp-json/seokiller/v1/get-categories": {
      "post": {
        "operationId": "get_categories",
        "summary": "Get WordPress Categories",
        "description": "Retrieves all categories from a client WordPress site including hierarchy and metadata.",
        "tags": ["Content Management"],
        "security": [{"ApiKeyAuth": []}],
        "requestBody": {
          "required": true,
          "content": {
            "application/json": {
              "schema": {
                "$ref": "#/components/schemas/SiteAuthRequest"
              }
            }
          }
        },
        "responses": {
          "200": {
            "description": "Categories retrieved successfully",
            "content": {
              "application/json": {
                "schema": {
                  "$ref": "#/components/schemas/ApiResponse"
                }
              }
            }
          }
        }
      }
    },
    "/wp-json/seokiller/v1/get-categories-alt": {
      "post": {
        "operationId": "get_categories_alt",
        "summary": "Get WordPress Categories (Alternative)",
        "description": "Alternative endpoint for retrieving WordPress categories with enhanced error handling.",
        "tags": ["Content Management"],
        "security": [{"ApiKeyAuth": []}],
        "requestBody": {
          "required": true,
          "content": {
            "application/json": {
              "schema": {
                "$ref": "#/components/schemas/SiteAuthRequest"
              }
            }
          }
        },
        "responses": {
          "200": {
            "description": "Categories retrieved successfully",
            "content": {
              "application/json": {
                "schema": {
                  "$ref": "#/components/schemas/ApiResponse"
                }
              }
            }
          }
        }
      }
    },
    "/wp-json/seokiller/v1/get-authors": {
      "post": {
        "operationId": "get_authors",
        "summary": "Get WordPress Authors",
        "description": "Retrieves all authors from a client WordPress site including user metadata and capabilities.",
        "tags": ["User Management"],
        "security": [{"ApiKeyAuth": []}],
        "requestBody": {
          "required": true,
          "content": {
            "application/json": {
              "schema": {
                "$ref": "#/components/schemas/SiteAuthRequest"
              }
            }
          }
        },
        "responses": {
          "200": {
            "description": "Authors retrieved successfully",
            "content": {
              "application/json": {
                "schema": {
                  "$ref": "#/components/schemas/ApiResponse"
                }
              }
            }
          }
        }
      }
    },
    "/wp-json/seokiller/v1/get-authors-alt": {
      "post": {
        "operationId": "get_authors_alt",
        "summary": "Get WordPress Authors (Alternative)",
        "description": "Alternative endpoint for retrieving WordPress authors with enhanced compatibility.",
        "tags": ["User Management"],
        "security": [{"ApiKeyAuth": []}],
        "requestBody": {
          "required": true,
          "content": {
            "application/json": {
              "schema": {
                "$ref": "#/components/schemas/SiteAuthRequest"
              }
            }
          }
        },
        "responses": {
          "200": {
            "description": "Authors retrieved successfully",
            "content": {
              "application/json": {
                "schema": {
                  "$ref": "#/components/schemas/ApiResponse"
                }
              }
            }
          }
        }
      }
    },
    "/wp-json/seokiller/v1/get-posts": {
      "post": {
        "operationId": "get_posts",
        "summary": "Get WordPress Posts",
        "description": "Retrieves posts from a client WordPress site with advanced pagination, filtering, and search capabilities.",
        "tags": ["Content Management"],
        "security": [{"ApiKeyAuth": []}],
        "requestBody": {
          "required": true,
          "content": {
            "application/json": {
              "schema": {
                "$ref": "#/components/schemas/PostsRequest"
              }
            }
          }
        },
        "responses": {
          "200": {
            "description": "Posts retrieved successfully",
            "content": {
              "application/json": {
                "schema": {
                  "$ref": "#/components/schemas/ApiResponse"
                }
              }
            }
          }
        }
      }
    },
    "/wp-json/seokiller/v1/get-posts-alt": {
      "post": {
        "operationId": "get_posts_alt",
        "summary": "Get WordPress Posts (Alternative)",
        "description": "Alternative endpoint for retrieving WordPress posts with enhanced error handling and compatibility.",
        "tags": ["Content Management"],
        "security": [{"ApiKeyAuth": []}],
        "requestBody": {
          "required": true,
          "content": {
            "application/json": {
              "schema": {
                "$ref": "#/components/schemas/PostsRequest"
              }
            }
          }
        },
        "responses": {
          "200": {
            "description": "Posts retrieved successfully",
            "content": {
              "application/json": {
                "schema": {
                  "$ref": "#/components/schemas/ApiResponse"
                }
              }
            }
          }
        }
      }
    },
    "/wp-json/seokiller/v1/get-post/{postId}": {
      "post": {
        "operationId": "get_single_post",
        "summary": "Get Single WordPress Post",
        "description": "Retrieves detailed information about a specific WordPress post including content, metadata, and custom fields.",
        "tags": ["Content Management"],
        "security": [{"ApiKeyAuth": []}],
        "parameters": [
          {
            "name": "postId",
            "in": "path",
            "required": true,
            "schema": {
              "type": "integer",
              "minimum": 1
            },
            "description": "Post ID to retrieve"
          }
        ],
        "requestBody": {
          "required": true,
          "content": {
            "application/json": {
              "schema": {
                "$ref": "#/components/schemas/SiteAuthRequest"
              }
            }
          }
        },
        "responses": {
          "200": {
            "description": "Post retrieved successfully",
            "content": {
              "application/json": {
                "schema": {
                  "$ref": "#/components/schemas/ApiResponse"
                }
              }
            }
          }
        }
      }
    },
    "/wp-json/seokiller/v1/get-post-alt/{postId}": {
      "post": {
        "operationId": "get_single_post_alt",
        "summary": "Get Single WordPress Post (Alternative)",
        "description": "Alternative endpoint for retrieving a specific WordPress post with enhanced compatibility.",
        "tags": ["Content Management"],
        "security": [{"ApiKeyAuth": []}],
        "parameters": [
          {
            "name": "postId",
            "in": "path",
            "required": true,
            "schema": {
              "type": "integer",
              "minimum": 1
            },
            "description": "Post ID to retrieve"
          }
        ],
        "requestBody": {
          "required": true,
          "content": {
            "application/json": {
              "schema": {
                "$ref": "#/components/schemas/SiteAuthRequest"
              }
            }
          }
        },
        "responses": {
          "200": {
            "description": "Post retrieved successfully",
            "content": {
              "application/json": {
                "schema": {
                  "$ref": "#/components/schemas/ApiResponse"
                }
              }
            }
          }
        }
      }
    },
    "/wp-json/seokiller/v1/create-content": {
      "post": {
        "operationId": "create_content",
        "summary": "Create WordPress Content",
        "description": "Creates new content (posts, pages) on a client WordPress site with full metadata support, SEO optimization, and custom fields.",
        "tags": ["Content Management"],
        "security": [{"ApiKeyAuth": []}],
        "requestBody": {
          "required": true,
          "content": {
            "application/json": {
              "schema": {
                "$ref": "#/components/schemas/CreateContentRequest"
              }
            }
          }
        },
        "responses": {
          "200": {
            "description": "Content created successfully",
            "content": {
              "application/json": {
                "schema": {
                  "$ref": "#/components/schemas/ApiResponse"
                }
              }
            }
          }
        }
      }
    },
    "/wp-json/seokiller/v1/create-content-alt": {
      "post": {
        "operationId": "create_content_alt",
        "summary": "Create WordPress Content (Alternative)",
        "description": "Alternative endpoint for creating WordPress content with enhanced error handling and validation.",
        "tags": ["Content Management"],
        "security": [{"ApiKeyAuth": []}],
        "requestBody": {
          "required": true,
          "content": {
            "application/json": {
              "schema": {
                "$ref": "#/components/schemas/CreateContentRequest"
              }
            }
          }
        },
        "responses": {
          "200": {
            "description": "Content created successfully",
            "content": {
              "application/json": {
                "schema": {
                  "$ref": "#/components/schemas/ApiResponse"
                }
              }
            }
          }
        }
      }
    },
    "/wp-json/seokiller/v1/update-content/{postId}": {
      "post": {
        "operationId": "update_content",
        "summary": "Update WordPress Content",
        "description": "Updates existing content on a client WordPress site including title, content, metadata, and custom fields.",
        "tags": ["Content Management"],
        "security": [{"ApiKeyAuth": []}],
        "parameters": [
          {
            "name": "postId",
            "in": "path",
            "required": true,
            "schema": {
              "type": "integer",
              "minimum": 1
            },
            "description": "Post ID to update"
          }
        ],
        "requestBody": {
          "required": true,
          "content": {
            "application/json": {
              "schema": {
                "$ref": "#/components/schemas/UpdateContentRequest"
              }
            }
          }
        },
        "responses": {
          "200": {
            "description": "Content updated successfully",
            "content": {
              "application/json": {
                "schema": {
                  "$ref": "#/components/schemas/ApiResponse"
                }
              }
            }
          }
        }
      }
    },
    "/wp-json/seokiller/v1/update-content-alt/{postId}": {
      "post": {
        "operationId": "update_content_alt",
        "summary": "Update WordPress Content (Alternative)",
        "description": "Alternative endpoint for updating WordPress content with enhanced compatibility and error handling.",
        "tags": ["Content Management"],
        "security": [{"ApiKeyAuth": []}],
        "parameters": [
          {
            "name": "postId",
            "in": "path",
            "required": true,
            "schema": {
              "type": "integer",
              "minimum": 1
            },
            "description": "Post ID to update"
          }
        ],
        "requestBody": {
          "required": true,
          "content": {
            "application/json": {
              "schema": {
                "$ref": "#/components/schemas/UpdateContentRequest"
              }
            }
          }
        },
        "responses": {
          "200": {
            "description": "Content updated successfully",
            "content": {
              "application/json": {
                "schema": {
                  "$ref": "#/components/schemas/ApiResponse"
                }
              }
            }
          }
        }
      }
    },
    "/wp-json/seokiller/v1/delete-post/{postId}": {
      "post": {
        "operationId": "delete_post",
        "summary": "Delete WordPress Post",
        "description": "Deletes a specific post from a client WordPress site. Supports both trash and permanent deletion.",
        "tags": ["Content Management"],
        "security": [{"ApiKeyAuth": []}],
        "parameters": [
          {
            "name": "postId",
            "in": "path",
            "required": true,
            "schema": {
              "type": "integer",
              "minimum": 1
            },
            "description": "Post ID to delete"
          }
        ],
        "requestBody": {
          "required": true,
          "content": {
            "application/json": {
              "schema": {
                "$ref": "#/components/schemas/DeleteRequest"
              }
            }
          }
        },
        "responses": {
          "200": {
            "description": "Post deleted successfully",
            "content": {
              "application/json": {
                "schema": {
                  "$ref": "#/components/schemas/ApiResponse"
                }
              }
            }
          }
        }
      }
    },
    "/wp-json/seokiller/v1/delete-post-alt/{postId}": {
      "post": {
        "operationId": "delete_post_alt",
        "summary": "Delete WordPress Post (Alternative)",
        "description": "Alternative endpoint for deleting WordPress posts with enhanced error handling.",
        "tags": ["Content Management"],
        "security": [{"ApiKeyAuth": []}],
        "parameters": [
          {
            "name": "postId",
            "in": "path",
            "required": true,
            "schema": {
              "type": "integer",
              "minimum": 1
            },
            "description": "Post ID to delete"
          }
        ],
        "requestBody": {
          "required": true,
          "content": {
            "application/json": {
              "schema": {
                "$ref": "#/components/schemas/DeleteRequest"
              }
            }
          }
        },
        "responses": {
          "200": {
            "description": "Post deleted successfully",
            "content": {
              "application/json": {
                "schema": {
                  "$ref": "#/components/schemas/ApiResponse"
                }
              }
            }
          }
        }
      }
    },
    "/wp-json/seokiller/v1/get-products": {
      "post": {
        "operationId": "get_products",
        "summary": "Get WooCommerce Products",
        "description": "Retrieves products from a client WooCommerce site with advanced filtering, pagination, and product data including variations.",
        "tags": ["WooCommerce"],
        "security": [{"ApiKeyAuth": []}],
        "requestBody": {
          "required": true,
          "content": {
            "application/json": {
              "schema": {
                "$ref": "#/components/schemas/ProductsRequest"
              }
            }
          }
        },
        "responses": {
          "200": {
            "description": "Products retrieved successfully",
            "content": {
              "application/json": {
                "schema": {
                  "$ref": "#/components/schemas/ApiResponse"
                }
              }
            }
          }
        }
      }
    },
    "/wp-json/seokiller/v1/get-products-alt": {
      "post": {
        "operationId": "get_products_alt",
        "summary": "Get WooCommerce Products (Alternative)",
        "description": "Alternative endpoint for retrieving WooCommerce products with enhanced compatibility.",
        "tags": ["WooCommerce"],
        "security": [{"ApiKeyAuth": []}],
        "requestBody": {
          "required": true,
          "content": {
            "application/json": {
              "schema": {
                "$ref": "#/components/schemas/ProductsRequest"
              }
            }
          }
        },
        "responses": {
          "200": {
            "description": "Products retrieved successfully",
            "content": {
              "application/json": {
                "schema": {
                  "$ref": "#/components/schemas/ApiResponse"
                }
              }
            }
          }
        }
      }
    },
    "/wp-json/seokiller/v1/get-product/{productId}": {
      "post": {
        "operationId": "get_single_product",
        "summary": "Get Single WooCommerce Product",
        "description": "Retrieves detailed information about a specific WooCommerce product including variations, attributes, and metadata.",
        "tags": ["WooCommerce"],
        "security": [{"ApiKeyAuth": []}],
        "parameters": [
          {
            "name": "productId",
            "in": "path",
            "required": true,
            "schema": {
              "type": "integer",
              "minimum": 1
            },
            "description": "Product ID to retrieve"
          }
        ],
        "requestBody": {
          "required": true,
          "content": {
            "application/json": {
              "schema": {
                "$ref": "#/components/schemas/SiteAuthRequest"
              }
            }
          }
        },
        "responses": {
          "200": {
            "description": "Product retrieved successfully",
            "content": {
              "application/json": {
                "schema": {
                  "$ref": "#/components/schemas/ApiResponse"
                }
              }
            }
          }
        }
      }
    },
    "/wp-json/seokiller/v1/create-product": {
      "post": {
        "operationId": "create_product",
        "summary": "Create WooCommerce Product",
        "description": "Creates a new WooCommerce product with comprehensive support for all product types, variations, attributes, and metadata.",
        "tags": ["WooCommerce"],
        "security": [{"ApiKeyAuth": []}],
        "requestBody": {
          "required": true,
          "content": {
            "application/json": {
              "schema": {
                "$ref": "#/components/schemas/CreateProductRequest"
              }
            }
          }
        },
        "responses": {
          "200": {
            "description": "Product created successfully",
            "content": {
              "application/json": {
                "schema": {
                  "$ref": "#/components/schemas/ApiResponse"
                }
              }
            }
          }
        }
      }
    },
    "/wp-json/seokiller/v1/create-product-alt": {
      "post": {
        "operationId": "create_product_alt",
        "summary": "Create WooCommerce Product (Alternative)",
        "description": "Alternative endpoint for creating WooCommerce products with enhanced error handling and validation.",
        "tags": ["WooCommerce"],
        "security": [{"ApiKeyAuth": []}],
        "requestBody": {
          "required": true,
          "content": {
            "application/json": {
              "schema": {
                "$ref": "#/components/schemas/CreateProductRequest"
              }
            }
          }
        },
        "responses": {
          "200": {
            "description": "Product created successfully",
            "content": {
              "application/json": {
                "schema": {
                  "$ref": "#/components/schemas/ApiResponse"
                }
              }
            }
          }
        }
      }
    },
    "/wp-json/seokiller/v1/update-product/{productId}": {
      "post": {
        "operationId": "update_product",
        "summary": "Update WooCommerce Product",
        "description": "Updates an existing WooCommerce product including all product data, variations, and metadata.",
        "tags": ["WooCommerce"],
        "security": [{"ApiKeyAuth": []}],
        "parameters": [
          {
            "name": "productId",
            "in": "path",
            "required": true,
            "schema": {
              "type": "integer",
              "minimum": 1
            },
            "description": "Product ID to update"
          }
        ],
        "requestBody": {
          "required": true,
          "content": {
            "application/json": {
              "schema": {
                "$ref": "#/components/schemas/UpdateProductRequest"
              }
            }
          }
        },
        "responses": {
          "200": {
            "description": "Product updated successfully",
            "content": {
              "application/json": {
                "schema": {
                  "$ref": "#/components/schemas/ApiResponse"
                }
              }
            }
          }
        }
      }
    },
    "/wp-json/seokiller/v1/update-product-alt/{productId}": {
      "post": {
        "operationId": "update_product_alt",
        "summary": "Update WooCommerce Product (Alternative)",
        "description": "Alternative endpoint for updating WooCommerce products with enhanced compatibility.",
        "tags": ["WooCommerce"],
        "security": [{"ApiKeyAuth": []}],
        "parameters": [
          {
            "name": "productId",
            "in": "path",
            "required": true,
            "schema": {
              "type": "integer",
              "minimum": 1
            },
            "description": "Product ID to update"
          }
        ],
        "requestBody": {
          "required": true,
          "content": {
            "application/json": {
              "schema": {
                "$ref": "#/components/schemas/UpdateProductRequest"
              }
            }
          }
        },
        "responses": {
          "200": {
            "description": "Product updated successfully",
            "content": {
              "application/json": {
                "schema": {
                  "$ref": "#/components/schemas/ApiResponse"
                }
              }
            }
          }
        }
      }
    },
    "/wp-json/seokiller/v1/delete-product/{productId}": {
      "post": {
        "operationId": "delete_product",
        "summary": "Delete WooCommerce Product",
        "description": "Deletes a specific WooCommerce product. Supports both trash and permanent deletion.",
        "tags": ["WooCommerce"],
        "security": [{"ApiKeyAuth": []}],
        "parameters": [
          {
            "name": "productId",
            "in": "path",
            "required": true,
            "schema": {
              "type": "integer",
              "minimum": 1
            },
            "description": "Product ID to delete"
          }
        ],
        "requestBody": {
          "required": true,
          "content": {
            "application/json": {
              "schema": {
                "$ref": "#/components/schemas/DeleteRequest"
              }
            }
          }
        },
        "responses": {
          "200": {
            "description": "Product deleted successfully",
            "content": {
              "application/json": {
                "schema": {
                  "$ref": "#/components/schemas/ApiResponse"
                }
              }
            }
          }
        }
      }
    },
    "/wp-json/seokiller/v1/delete-product-alt/{productId}": {
      "post": {
        "operationId": "delete_product_alt",
        "summary": "Delete WooCommerce Product (Alternative)",
        "description": "Alternative endpoint for deleting WooCommerce products with enhanced error handling.",
        "tags": ["WooCommerce"],
        "security": [{"ApiKeyAuth": []}],
        "parameters": [
          {
            "name": "productId",
            "in": "path",
            "required": true,
            "schema": {
              "type": "integer",
              "minimum": 1
            },
            "description": "Product ID to delete"
          }
        ],
        "requestBody": {
          "required": true,
          "content": {
            "application/json": {
              "schema": {
                "$ref": "#/components/schemas/DeleteRequest"
              }
            }
          }
        },
        "responses": {
          "200": {
            "description": "Product deleted successfully",
            "content": {
              "application/json": {
                "schema": {
                  "$ref": "#/components/schemas/ApiResponse"
                }
              }
            }
          }
        }
      }
    }
  },
  "components": {
    "securitySchemes": {
      "ApiKeyAuth": {
        "type": "apiKey",
        "in": "header",
        "name": "X-SEOKILLER-API-KEY",
        "description": "API key generated from the SEOKILLER ACTION plugin admin panel. Required for all authenticated endpoints."
      }
    },
    "schemas": {
      "SiteAuthRequest": {
        "type": "object",
        "description": "Base authentication request for client site operations. Supports both direct and nested authentication formats.",
        "oneOf": [
          {
            "type": "object",
            "required": ["site_url", "secret_pass"],
            "properties": {
              "site_url": {
                "type": "string",
                "format": "uri",
                "description": "Client WordPress site URL (with https:// protocol)",
                "example": "https://example.com"
              },
              "secret_pass": {
                "type": "string",
                "description": "Secret password configured on the client site for authentication",
                "example": "your_secret_password_123"
              }
            }
          },
          {
            "type": "object",
            "required": ["site_auth"],
            "properties": {
              "site_auth": {
                "type": "object",
                "required": ["site_url", "secret_pass"],
                "properties": {
                  "site_url": {
                    "type": "string",
                    "format": "uri",
                    "description": "Client WordPress site URL (with https:// protocol)",
                    "example": "https://example.com"
                  },
                  "secret_pass": {
                    "type": "string",
                    "description": "Secret password configured on the client site for authentication",
                    "example": "your_secret_password_123"
                  }
                }
              }
            }
          }
        ]
      },
      "PostsRequest": {
        "allOf": [
          {"$ref": "#/components/schemas/SiteAuthRequest"}
        ],
        "type": "object",
        "properties": {
          "per_page": {
            "type": "integer",
            "minimum": 1,
            "maximum": 100,
            "default": 10,
            "description": "Number of posts per page"
          },
          "page": {
            "type": "integer",
            "minimum": 1,
            "default": 1,
            "description": "Page number for pagination"
          },
          "category": {
            "type": "integer",
            "minimum": 1,
            "description": "Category ID to filter posts by"
          },
          "search": {
            "type": "string",
            "maxLength": 255,
            "description": "Search term to filter posts by title and content"
          },
          "post_status": {
            "type": "string",
            "enum": ["publish", "draft", "pending", "private", "any"],
            "default": "publish",
            "description": "Post status filter"
          },
          "author": {
            "type": "integer",
            "minimum": 1,
            "description": "Author ID to filter posts by"
          },
          "order": {
            "type": "string",
            "enum": ["ASC", "DESC"],
            "default": "DESC",
            "description": "Sort order"
          },
          "orderby": {
            "type": "string",
            "enum": ["date", "title", "modified", "menu_order", "rand"],
            "default": "date",
            "description": "Sort posts by this field"
          }
        }
      },
      "ProductsRequest": {
        "allOf": [
          {"$ref": "#/components/schemas/SiteAuthRequest"}
        ],
        "type": "object",
        "properties": {
          "per_page": {
            "type": "integer",
            "minimum": 1,
            "maximum": 100,
            "default": 10,
            "description": "Number of products per page"
          },
          "page": {
            "type": "integer",
            "minimum": 1,
            "default": 1,
            "description": "Page number for pagination"
          },
          "category_id": {
            "type": "integer",
            "minimum": 1,
            "description": "Product category ID to filter by"
          },
          "search": {
            "type": "string",
            "maxLength": 255,
            "description": "Search term to filter products by name and description"
          },
          "status": {
            "type": "string",
            "enum": ["publish", "draft", "pending", "private"],
            "default": "publish",
            "description": "Product status filter"
          },
          "stock_status": {
            "type": "string",
            "enum": ["instock", "outofstock", "onbackorder"],
            "description": "Stock status filter"
          },
          "type": {
            "type": "string",
            "enum": ["simple", "grouped", "external", "variable"],
            "description": "Product type filter"
          }
        }
      },
      "CreateContentRequest": {
        "allOf": [
          {"$ref": "#/components/schemas/SiteAuthRequest"}
        ],
        "type": "object",
        "required": ["title", "content"],
        "properties": {
          "title": {
            "type": "string",
            "minLength": 1,
            "maxLength": 500,
            "description": "Post title",
            "example": "My New Blog Post"
          },
          "content": {
            "type": "string",
            "minLength": 1,
            "description": "Post content (HTML allowed)",
            "example": "<p>This is the content of my blog post.</p>"
          },
          "excerpt": {
            "type": "string",
            "maxLength": 1000,
            "description": "Post excerpt/summary"
          },
          "status": {
            "type": "string",
            "enum": ["draft", "publish", "pending", "future", "private"],
            "default": "draft",
            "description": "Post publication status"
          },
          "post_type": {
            "type": "string",
            "default": "post",
            "description": "WordPress post type",
            "example": "post"
          },
          "categories": {
            "type": "array",
            "items": {
              "type": "integer",
              "minimum": 1
            },
            "description": "Array of category IDs to assign to the post"
          },
          "tags": {
            "type": "array",
            "items": {
              "type": "string"
            },
            "description": "Array of tag names to assign to the post"
          },
          "author": {
            "type": "integer",
            "minimum": 1,
            "description": "Author user ID"
          },
          "featured_image": {
            "type": "string",
            "format": "uri",
            "description": "URL of the featured image"
          },
          "meta_title": {
            "type": "string",
            "maxLength": 150,
            "description": "SEO meta title"
          },
          "meta_description": {
            "type": "string",
            "maxLength": 300,
            "description": "SEO meta description"
          },
          "focus_keyword": {
            "type": "string",
            "maxLength": 100,
            "description": "SEO focus keyword"
          },
          "published_date": {
            "type": "string",
            "format": "date-time",
            "description": "Schedule publication date (ISO 8601 format)"
          },
          "custom_fields": {
            "type": "object",
            "additionalProperties": true,
            "description": "Custom field key-value pairs"
          }
        }
      },
      "UpdateContentRequest": {
        "allOf": [
          {"$ref": "#/components/schemas/SiteAuthRequest"}
        ],
        "type": "object",
        "properties": {
          "title": {
            "type": "string",
            "maxLength": 500,
            "description": "Updated post title"
          },
          "content": {
            "type": "string",
            "description": "Updated post content (HTML allowed)"
          },
          "excerpt": {
            "type": "string",
            "maxLength": 1000,
            "description": "Updated post excerpt"
          },
          "status": {
            "type": "string",
            "enum": ["draft", "publish", "pending", "future", "private"],
            "description": "Updated post status"
          },
          "categories": {
            "type": "array",
            "items": {
              "type": "integer",
              "minimum": 1
            },
            "description": "Updated category IDs"
          },
          "tags": {
            "type": "array",
            "items": {
              "type": "string"
            },
            "description": "Updated tag names"
          },
          "featured_image": {
            "type": "string",
            "format": "uri",
            "description": "Updated featured image URL"
          },
          "meta_title": {
            "type": "string",
            "maxLength": 150,
            "description": "Updated SEO meta title"
          },
          "meta_description": {
            "type": "string",
            "maxLength": 300,
            "description": "Updated SEO meta description"
          },
          "focus_keyword": {
            "type": "string",
            "maxLength": 100,
            "description": "Updated SEO focus keyword"
          },
          "custom_fields": {
            "type": "object",
            "additionalProperties": true,
            "description": "Updated custom field key-value pairs"
          }
        }
      },
      "CreateProductRequest": {
        "allOf": [
          {"$ref": "#/components/schemas/SiteAuthRequest"}
        ],
        "type": "object",
        "required": ["name"],
        "properties": {
          "name": {
            "type": "string",
            "minLength": 1,
            "maxLength": 200,
            "description": "Product name",
            "example": "Amazing Product"
          },
          "description": {
            "type": "string",
            "description": "Product description (HTML allowed)"
          },
          "short_description": {
            "type": "string",
            "maxLength": 500,
            "description": "Product short description"
          },
          "type": {
            "type": "string",
            "enum": ["simple", "grouped", "external", "variable"],
            "default": "simple",
            "description": "Product type"
          },
          "status": {
            "type": "string",
            "enum": ["draft", "publish", "pending", "private"],
            "default": "publish",
            "description": "Product status"
          },
          "regular_price": {
            "type": "string",
            "pattern": "^\\d+(\\.\\d{1,2})?$",
            "description": "Regular price (as string for precision)",
            "example": "29.99"
          },
          "sale_price": {
            "type": "string",
            "pattern": "^\\d+(\\.\\d{1,2})?$",
            "description": "Sale price (as string for precision)",
            "example": "19.99"
          },
          "sku": {
            "type": "string",
            "maxLength": 100,
            "description": "Product SKU (Stock Keeping Unit)"
          },
          "manage_stock": {
            "type": "boolean",
            "default": false,
            "description": "Whether to manage stock for this product"
          },
          "stock_quantity": {
            "type": "integer",
            "minimum": 0,
            "description": "Stock quantity (required if manage_stock is true)"
          },
          "stock_status": {
            "type": "string",
            "enum": ["instock", "outofstock", "onbackorder"],
            "default": "instock",
            "description": "Stock status"
          },
          "weight": {
            "type": "string",
            "description": "Product weight"
          },
          "dimensions": {
            "type": "object",
            "properties": {
              "length": {
                "type": "string",
                "description": "Product length"
              },
              "width": {
                "type": "string",
                "description": "Product width"
              },
              "height": {
                "type": "string",
                "description": "Product height"
              }
            }
          },
          "category_ids": {
            "type": "array",
            "items": {
              "type": "integer",
              "minimum": 1
            },
            "description": "Array of product category IDs"
          },
          "tag_ids": {
            "type": "array",
            "items": {
              "type": "integer",
              "minimum": 1
            },
            "description": "Array of product tag IDs"
          },
          "images": {
            "type": "array",
            "items": {
              "type": "object",
              "required": ["src"],
              "properties": {
                "src": {
                  "type": "string",
                  "format": "uri",
                  "description": "Image URL"
                },
                "alt": {
                  "type": "string",
                  "description": "Image alt text"
                },
                "position": {
                  "type": "integer",
                  "minimum": 0,
                  "description": "Image position in gallery"
                }
              }
            },
            "description": "Product images array"
          },
          "attributes": {
            "type": "array",
            "items": {
              "type": "object",
              "required": ["name"],
              "properties": {
                "name": {
                  "type": "string",
                  "description": "Attribute name"
                },
                "options": {
                  "type": "array",
                  "items": {
                    "type": "string"
                  },
                  "description": "Attribute options"
                },
                "visible": {
                  "type": "boolean",
                  "default": true,
                  "description": "Whether attribute is visible on product page"
                },
                "variation": {
                  "type": "boolean",
                  "default": false,
                  "description": "Whether attribute is used for variations"
                }
              }
            },
            "description": "Product attributes"
          },
          "meta_title": {
            "type": "string",
            "maxLength": 150,
            "description": "SEO meta title"
          },
          "meta_description": {
            "type": "string",
            "maxLength": 300,
            "description": "SEO meta description"
          }
        }
      },
      "UpdateProductRequest": {
        "allOf": [
          {"$ref": "#/components/schemas/SiteAuthRequest"}
        ],
        "type": "object",
        "properties": {
          "name": {
            "type": "string",
            "maxLength": 200,
            "description": "Updated product name"
          },
          "description": {
            "type": "string",
            "description": "Updated product description"
          },
          "short_description": {
            "type": "string",
            "maxLength": 500,
            "description": "Updated product short description"
          },
          "status": {
            "type": "string",
            "enum": ["draft", "publish", "pending", "private"],
            "description": "Updated product status"
          },
          "regular_price": {
            "type": "string",
            "pattern": "^\\d+(\\.\\d{1,2})?$",
            "description": "Updated regular price"
          },
          "sale_price": {
            "type": "string",
            "pattern": "^\\d+(\\.\\d{1,2})?$",
            "description": "Updated sale price"
          },
          "sku": {
            "type": "string",
            "maxLength": 100,
            "description": "Updated product SKU"
          },
          "manage_stock": {
            "type": "boolean",
            "description": "Updated stock management setting"
          },
          "stock_quantity": {
            "type": "integer",
            "minimum": 0,
            "description": "Updated stock quantity"
          },
          "stock_status": {
            "type": "string",
            "enum": ["instock", "outofstock", "onbackorder"],
            "description": "Updated stock status"
          },
          "weight": {
            "type": "string",
            "description": "Updated product weight"
          },
          "dimensions": {
            "type": "object",
            "properties": {
              "length": {"type": "string"},
              "width": {"type": "string"},
              "height": {"type": "string"}
            }
          },
          "category_ids": {
            "type": "array",
            "items": {
              "type": "integer",
              "minimum": 1
            },
            "description": "Updated category IDs"
          },
          "tag_ids": {
            "type": "array",
            "items": {
              "type": "integer",
              "minimum": 1
            },
            "description": "Updated tag IDs"
          },
          "images": {
            "type": "array",
            "items": {
              "type": "object",
              "properties": {
                "src": {
                  "type": "string",
                  "format": "uri"
                },
                "alt": {
                  "type": "string"
                },
                "position": {
                  "type": "integer",
                  "minimum": 0
                }
              }
            },
            "description": "Updated product images"
          }
        }
      },
      "DeleteRequest": {
        "allOf": [
          {"$ref": "#/components/schemas/SiteAuthRequest"}
        ],
        "type": "object",
        "properties": {
          "force": {
            "type": "boolean",
            "default": false,
            "description": "Whether to bypass trash and permanently delete the item immediately"
          }
        }
      },
      "ApiResponse": {
        "type": "object",
        "properties": {
          "status": {
            "type": "integer",
            "description": "HTTP status code from the client WordPress site",
            "example": 200
          },
          "body": {
            "type": "object",
            "description": "Response body from the client WordPress site containing the actual data or error information",
            "additionalProperties": true
          }
        },
        "required": ["status", "body"]
      },
      "DebugResponse": {
        "type": "object",
        "properties": {
          "status": {
            "type": "string",
            "example": "success",
            "description": "API status indicator"
          },
          "message": {
            "type": "string",
            "example": "SEOKILLER ACTION API is working",
            "description": "Status message"
          },
          "time": {
            "type": "string",
            "description": "Current server time in MySQL format",
            "example": "2024-01-15 14:30:25"
          },
          "version": {
            "type": "string",
            "description": "Plugin version number",
            "example": "1.0.0"
          },
          "api_key": {
            "type": "string",
            "description": "Masked API key showing only first 5 characters",
            "example": "abc12..."
          },
          "php_version": {
            "type": "string",
            "description": "Server PHP version",
            "example": "8.1.0"
          }
        },
        "required": ["status", "message", "time", "version"]
      },
      "DiagnosticResponse": {
        "type": "object",
        "properties": {
          "success": {
            "type": "boolean",
            "description": "Whether the diagnostic call was successful"
          },
          "message": {
            "type": "string",
            "description": "Diagnostic message",
            "example": "Diagnostic endpoint called successfully"
          },
          "received_data": {
            "type": "object",
            "properties": {
              "json_params": {
                "type": "object",
                "description": "Parsed JSON parameters from request body",
                "additionalProperties": true
              },
              "raw_input": {
                "type": "string",
                "description": "Raw request body as received"
              },
              "content_type": {
                "type": "string",
                "description": "Content-Type header value",
                "example": "application/json"
              },
              "request_method": {
                "type": "string",
                "description": "HTTP request method",
                "example": "POST"
              },
              "api_key_header": {
                "type": "string",
                "description": "API key from request header (if present)"
              }
            }
          }
        },
        "required": ["success", "message", "received_data"]
      },
      "JsonTestResponse": {
        "type": "object",
        "properties": {
          "success": {
            "type": "boolean",
            "description": "Whether the JSON test was successful"
          },
          "raw_data_length": {
            "type": "integer",
            "description": "Length of raw input data in bytes"
          },
          "json_decode_result": {
            "type": "string",
            "enum": ["Success", "Failed"],
            "description": "Result of JSON decode operation"
          },
          "site_auth_found": {
            "type": "string",
            "enum": ["Yes", "No"],
            "description": "Whether site_auth object was found in request"
          },
          "site_url": {
            "type": "string",
            "description": "Extracted site URL or 'Not found'"
          },
          "secret_pass": {
            "type": "string",
            "description": "Information about secret_pass presence (length shown for security)"
          },
          "all_keys": {
            "type": "array",
            "items": {
              "type": "string"
            },
            "description": "All keys found in the JSON data"
          }
        },
        "required": ["success"]
      },
      "ErrorResponse": {
        "type": "object",
        "properties": {
          "code": {
            "type": "string",
            "description": "Error code identifier",
            "example": "api_key_missing"
          },
          "message": {
            "type": "string",
            "description": "Human-readable error message",
            "example": "API key is missing"
          },
          "data": {
            "type": "object",
            "properties": {
              "status": {
                "type": "integer",
                "description": "HTTP status code",
                "example": 401
              },
              "params": {
                "type": "array",
                "items": {
                  "type": "string"
                },
                "description": "Missing or invalid parameters"
              }
            }
          }
        },
        "required": ["code", "message"]
      },
      "OpenAITestResponse": {
        "type": "object",
        "properties": {
          "status": {
            "type": "string",
            "enum": ["success"],
            "description": "Test status indicator"
          },
          "message": {
            "type": "string",
            "description": "OpenAI connection test message",
            "example": "OpenAI Actions connection test successful"
          },
          "timestamp": {
            "type": "string",
            "description": "Current server timestamp in MySQL format",
            "example": "2024-01-15 14:30:25"
          },
          "server_info": {
            "type": "object",
            "properties": {
              "plugin_version": {
                "type": "string",
                "description": "SEOKILLER ACTION plugin version",
                "example": "1.2.0"
              },
              "wordpress_version": {
                "type": "string",
                "description": "WordPress version",
                "example": "6.3.0"
              },
              "php_version": {
                "type": "string",
                "description": "PHP version",
                "example": "8.1.0"
              }
            },
            "required": ["plugin_version", "wordpress_version", "php_version"]
          },
          "request_info": {
            "type": "object",
            "properties": {
              "method": {
                "type": "string",
                "description": "HTTP request method",
                "example": "GET"
              },
              "origin": {
                "type": "string",
                "description": "Request origin header",
                "example": "https://chat.openai.com"
              },
              "user_agent": {
                "type": "string",
                "description": "User agent string",
                "example": "ChatGPT/1.0"
              },
              "route": {
                "type": "string",
                "description": "API route accessed",
                "example": "/wp-json/seokiller/v1/openai-test"
              },
              "is_openai_detected": {
                "type": "boolean",
                "description": "Whether the request was detected as coming from OpenAI"
              }
            },
            "required": ["method", "origin", "user_agent", "route", "is_openai_detected"]
          },
          "headers_analysis": {
            "type": "object",
            "properties": {
              "total_headers": {
                "type": "integer",
                "description": "Total number of headers received"
              },
              "openai_related_headers": {
                "type": "object",
                "description": "Headers related to OpenAI or authentication",
                "additionalProperties": true
              },
              "cors_headers_present": {
                "type": "boolean",
                "description": "Whether CORS headers are present in the response"
              }
            },
            "required": ["total_headers", "openai_related_headers", "cors_headers_present"]
          },
          "compatibility": {
            "type": "object",
            "properties": {
              "cors_enabled": {
                "type": "boolean",
                "description": "Whether CORS is enabled",
                "example": true
              },
              "openai_compatible": {
                "type": "boolean",
                "description": "Whether the API is OpenAI Actions compatible",
                "example": true
              },
              "authentication_methods": {
                "type": "array",
                "items": {
                  "type": "string"
                },
                "description": "Supported authentication methods",
                "example": ["X-SEOKILLER-API-KEY", "Authorization Bearer"]
              }
            },
            "required": ["cors_enabled", "openai_compatible", "authentication_methods"]
          }
        },
        "required": ["status", "message", "timestamp", "server_info", "request_info", "headers_analysis", "compatibility"]
      }
    }
  },
  "tags": [
    {
      "name": "Debug & Testing",
      "description": "Endpoints for debugging, testing, and diagnostics"
    },
    {
      "name": "Site Management",
      "description": "Endpoints for managing WordPress site information and settings"
    },
    {
      "name": "Content Management",
      "description": "Endpoints for managing WordPress posts, pages, and content"
    },
    {
      "name": "User Management",
      "description": "Endpoints for managing WordPress users and authors"
    },
    {
      "name": "WooCommerce",
      "description": "Endpoints for managing WooCommerce products and e-commerce functionality"
    }
  ],
  "security": [
    {
      "ApiKeyAuth": []
    }
  ]
} 